Level #,Start Time (s),End Time (s),Dwell Time (/s),Int (counts/s),Num of Photons
0,1.6082e-05,11.578431901,11.578415819,2454.9126965501323,28424
1,11.578679484,25.667623809,14.088944325,799.4211447066671,11263
2,25.667623809,28.27071609,2.603092281,692.6377574702663,1803
3,28.274163124,31.947275821,3.673112697,906.8602775843444,3331
