Level #,Time (s),Int (counts/s)
0,0.0,834.1526479338792
0,3.140911926,834.1526479338792
1,3.140911926,992.4643884268256
1,5.257864458,992.4643884268256
2,5.257864458,684.7417612466242
2,10.085961979,684.7417612466242
3,10.085961979,947.9102384480249
3,10.343370318,947.9102384480249
4,10.343370318,651.2254774688962
4,22.830596757000002,651.2254774688962
5,22.830596757000002,594.5570837970455
5,31.016522268000003,594.5570837970455
