Level #,Time (s),Int (counts/s)
0,0.0,3313.9999865951872
0,21.785757481,3313.9999865951872
1,21.785757481,3188.7031649073197
1,22.039465637,3188.7031649073197
2,22.039465637,3135.4065211324973
2,27.968521367,3135.4065211324973
3,27.968521367,3067.94987171672
3,34.23133556,3067.94987171672
