Level #,Time (s),Int (counts/s)
0,0.0,2766.263316160405
0,2.360585112,2766.263316160405
1,2.360585112,495.4824988399335
1,4.219379322,495.4824988399335
2,4.219379322,800.1925976432838
2,4.345598935,800.1925976432838
3,4.345598935,509.6169998250144
3,24.464629508,509.6169998250144
4,24.464629508,2547.7928914407958
4,28.266743892,2547.7928914407958
5,28.266743892,419.2580729375105
5,31.252971423,419.2580729375105
