Level #,Start Time (s),End Time (s),Dwell Time (/s),Int (counts/s),Num of Photons
0,0.000812812,0.603424686,0.602611874,2983.6783468358935,1798
1,0.603576352,5.511920621,4.908344269,2974.32274508616,14599
2,5.511920621,7.05659908,1.544678459,2971.492204902949,4590
3,7.05659908,7.567338916,0.510739836,873.2430262204964,446
4,7.567338916,15.665186362,8.097847446,649.55533369528,5260
5,15.665186362,15.848893654,0.183707292,1061.4712016984063,195
6,15.848893654,18.110161356,2.261267702,625.7551897762877,1415
7,18.110161356,28.24314878,10.132987424,532.419490349108,5395
8,28.243646887,31.51952198,3.275875093,519.8610910529,1703
