Level #,Time (s),Int (counts/s)
0,0.0,562.5107425483444
0,26.717711971,562.5107425483444
1,26.717711971,826.4594061739449
1,27.282772997,826.4594061739449
2,27.282772997,543.2288994244594
2,30.498728558,543.2288994244594
3,30.498728558,419.98958145844927
3,30.841594206,419.98958145844927
