Level #,Start Time (s),End Time (s),Dwell Time (/s),Int (counts/s),Num of Photons
0,1.231e-05,2.789936467,2.789924157,3225.177278537755,8998
1,2.79006025,5.079477113,2.289416863,3229.643373164933,7394
2,5.079477113,5.159025596,0.079548483,1357.6625967839009,108
3,5.159025596,7.57827035,2.419244754,3264.241861821972,7897
4,7.57827035,10.595409942,3.017139592,3247.4466961951557,9798
5,10.595420352,34.204326859,23.608906507,3198.453938457964,75512
