Level #,Time (s),Int (counts/s)
0,0.0,2454.9126965501323
0,11.578415819,2454.9126965501323
1,11.578415819,799.4211447066671
1,25.667360144,799.4211447066671
2,25.667360144,692.6377574702663
2,28.270452425,692.6377574702663
3,28.270452425,906.8602775843444
3,31.943565122,906.8602775843444
