Level #,Time (s),Int (counts/s)
0,0.0,1558.531622864929
0,2.177690815,1558.531622864929
1,2.177690815,1592.2802079760202
1,3.2773716320000004,1592.2802079760202
2,3.2773716320000004,846.6161103578576
2,4.124272596000001,846.6161103578576
3,4.124272596000001,1319.5936150749226
3,4.319029525000001,1319.5936150749226
4,4.319029525000001,753.6011241710014
4,11.309464957000001,753.6011241710014
5,11.309464957000001,357.43846349886934
5,30.8568856,357.43846349886934
