Level #,Time (s),Int (counts/s)
0,0.0,2981.492189842446
0,12.272713685,2981.492189842446
1,12.272713685,668.805533718725
1,22.190394783,668.805533718725
2,22.190394783,653.768851295882
2,23.683277165,653.768851295882
3,23.683277165,638.045200162391
3,25.669029897999998,638.045200162391
4,25.669029897999998,682.3045488902291
4,28.675018943999998,682.3045488902291
5,28.675018943999998,672.4693756456102
5,32.05807263,672.4693756456102
