Level #,Time (s),Int (counts/s)
0,0.0,419.53175976386404
0,2.86033172,419.53175976386404
1,2.86033172,553.0778513045758
1,4.536406793,553.0778513045758
2,4.536406793,320.1434289279596
2,9.331132723,320.1434289279596
3,9.331132723,400.4526571556954
3,18.967727539000002,400.4526571556954
4,18.967727539000002,445.4177237538641
4,30.601750443,445.4177237538641
