Level #,Start Time (s),End Time (s),Dwell Time (/s),Int (counts/s),Num of Photons
0,0.003713199,3.144625125,3.140911926,834.1526479338792,2620
1,3.145323258,5.26227579,2.116952532,992.4643884268256,2101
2,5.26227579,10.090373311,4.828097521,684.7417612466242,3306
3,10.090373311,10.34778165,0.257408339,947.9102384480249,244
4,10.34778165,22.835008089,12.487226439,651.2254774688962,8132
5,22.835242357,31.021167868,8.185925511,594.5570837970455,4867
