Level #,Start Time (s),End Time (s),Dwell Time (/s),Int (counts/s),Num of Photons
0,0.000772708,2.178463523,2.177690815,1558.531622864929,3394
1,2.179516107,3.279196924,1.099680817,1592.2802079760202,1751
2,3.279196924,4.126097888,0.846900964,846.6161103578576,717
3,4.126097888,4.320854817,0.194756929,1319.5936150749226,257
4,4.320854817,11.311290249,6.990435432,753.6011241710014,5268
5,11.311770032,30.859190675,19.547420643,357.43846349886934,6987
