Level #,Time (s),Int (counts/s)
0,0.0,1544.041769335438
0,4.751166805,1544.041769335438
1,4.751166805,1150.754893042318
1,5.512406236,1150.754893042318
2,5.512406236,1415.776948449915
2,6.223676469000001,1415.776948449915
3,6.223676469000001,1486.477965234282
3,11.458870116,1486.477965234282
4,11.458870116,1305.4867586500036
4,12.141374166,1305.4867586500036
5,12.141374166,983.4686394697694
5,14.770842861,983.4686394697694
6,14.770842861,1473.1974792374363
6,32.0855616,1473.1974792374363
