Level #,Start Time (s),End Time (s),Dwell Time (/s),Int (counts/s),Num of Photons
0,0.000361312,12.273074997,12.272713685,2981.492189842446,36591
1,12.273583884,22.191264982,9.917681098,668.805533718725,6633
2,22.191264982,23.684147364,1.492882382,653.768851295882,976
3,23.684147364,25.669900097,1.985752733,638.045200162391,1267
4,25.669900097,28.675889143,3.005989046,682.3045488902291,2051
5,28.680332825,32.063386511,3.383053686,672.4693756456102,2275
