Level #,Start Time (s),End Time (s),Dwell Time (/s),Int (counts/s),Num of Photons
0,0.000133383,2.360718495,2.360585112,2766.263316160405,6530
1,2.361196892,4.219991102,1.85879421,495.4824988399335,921
2,4.219991102,4.346210715,0.126219613,800.1925976432838,101
3,4.346210715,24.465241288,20.119030573,509.6169998250144,10253
4,24.465241288,28.267355672,3.802114384,2547.7928914407958,9687
5,28.268030607,31.254258138,2.986227531,419.2580729375105,1252
