Level #,Time (s),Int (counts/s)
0,0.0,444.1493029876854
0,15.52180754,444.1493029876854
1,15.52180754,666.3246653813497
1,20.619922883,666.3246653813497
2,20.619922883,417.4996652581243
2,26.306154987,417.4996652581243
3,26.306154987,1723.5179272725336
3,30.94840435,1723.5179272725336
