Level #,Start Time (s),End Time (s),Dwell Time (/s),Int (counts/s),Num of Photons
0,0.003095534,2.863427254,2.86033172,419.53175976386404,1200
1,2.87433698,4.550412053,1.676075073,553.0778513045758,927
2,4.550412053,9.345137983,4.79472593,320.1434289279596,1535
3,9.345137983,18.981732799,9.636594816,400.4526571556954,3859
4,18.986738523,30.620761427,11.634022904,445.4177237538641,5182
