Level #,Start Time (s),End Time (s),Dwell Time (/s),Int (counts/s),Num of Photons
0,0.007532507,3.825769035,3.818236528,634.324244252267,2422
1,3.829676517,4.043872478,0.214195961,924.3871783371303,198
2,4.043872478,16.151902365,12.108029887,582.1756359858579,7049
3,16.151902365,16.323529457,0.171627092,920.6005774426335,158
4,16.323529457,22.254858386,5.931328929,559.5710573009093,3319
5,22.254858386,25.713468357,3.458609971,3116.569977644351,10779
6,25.713468357,25.730807292,0.017338935,2537.641441068901,44
7,25.730807292,25.779388676,0.048581384,473.4323748372422,23
8,25.780686908,31.769045187,5.988358279,3148.943186336697,18857
