Level #,Start Time (s),End Time (s),Dwell Time (/s),Int (counts/s),Num of Photons
0,3.737e-06,21.785761218,21.785757481,3313.9999865951872,72198
1,21.786095976,22.039804132,0.253708156,3188.7031649073197,809
2,22.039804132,27.968859862,5.92905573,3135.4065211324973,18590
3,27.969055199,34.231869392,6.262814193,3067.94987171672,19214
