Level #,Start Time (s),End Time (s),Dwell Time (/s),Int (counts/s),Num of Photons
0,0.001031307,26.718743278,26.717711971,562.5107425483444,15029
1,26.720328743,27.285389769,0.565061026,826.4594061739449,467
2,27.285389769,30.50134533,3.215955561,543.2288994244594,1747
3,30.501753512,30.84461916,0.342865648,419.98958145844927,144
