Level #,Start Time (s),End Time (s),Dwell Time (/s),Int (counts/s),Num of Photons
0,0.002076389,15.523883929,15.52180754,444.1493029876854,6894
1,15.530760711,20.628876054,5.098115343,666.3246653813497,3397
2,20.628876054,26.315108158,5.686232104,417.4996652581243,2374
3,26.320687217,30.96293658,4.642249363,1723.5179272725336,8001
