Level #,Time (s),Int (counts/s)
0,0.0,3225.177278537755
0,2.789924157,3225.177278537755
1,2.789924157,3229.643373164933
1,5.07934102,3229.643373164933
2,5.07934102,1357.6625967839009
2,5.158889503,1357.6625967839009
3,5.158889503,3264.241861821972
3,7.578134257,3264.241861821972
4,7.578134257,3247.4466961951557
4,10.595273849,3247.4466961951557
5,10.595273849,3198.453938457964
5,34.204180356,3198.453938457964
